ID1PLACE,PROVINCE,COUNTRY_CODE_3,COUNTRY_CODE_2
0,,,
1,,,
2,,,
3,,,
4,,,
5,,,
6,,,
7,,,
8,,,
9,,,
10,,,
11,,,
12,,,
13,,,
14,,,
15,,,
16,,,
17,,,
18,,,
19,,,
20,,,
21,,,
22,,,
23,,,
24,,,
25,,,
26,,,
27,,,
28,,,
29,,,
30,,,
31,,,
32,,,
33,,,
34,,,
35,,,
36,,,
37,,,
38,,,
39,,,
40,,,
41,,,
42,,,
43,,,
44,,,
45,,,
46,,,
47,,,
48,,,
49,,,
50,,,
51,,,
52,,,
53,,,
54,,,
55,,,
56,,,
57,,,
58,,,
59,,,
60,,,
61,,,
62,,,
63,,,
64,,,
65,,,
66,,,
67,,,
68,,,
69,,,
70,,,
71,,,
72,,,
73,,,
74,,,
75,,,
76,,,
77,,,
78,,,
79,,,
80,,,
81,,,
82,,,
83,,,
84,,,
85,,,
86,,,
87,,,
88,,,
89,,,
90,,,
91,,,
92,,,
93,,,
94,,,
95,,,
96,,,
97,,,
98,,,
99,,,
100,,,
101,,,
102,,,
103,,,
104,,,
105,,,
106,,,
107,,,
108,,,
109,,,
110,,,
111,,,
112,,,
113,,,
114,,,
115,,,
116,,,
117,,,
118,,,
119,,,
120,,,
121,,,
122,,,
123,,,
124,,,
125,,,
126,,,
127,,,
128,,,
129,,,
130,,,
131,,,
132,,,
133,,,
134,,,
135,,,
136,,,
137,,,
138,,,
139,,,
140,,,
141,,,
142,,,
143,,,
144,,,
145,,,
146,,,
147,,,
148,,,
149,,,
150,,,
151,,,
152,,,
153,,,
154,,,
155,,,
156,,,
157,,,
158,,,
159,,,
160,,,
161,,,
162,,,
163,,,
164,,,
165,,,
166,,,
167,,,
168,,,
169,,,
170,,,
171,,,
172,,,
173,,,
174,,,
175,,,
176,,,
177,,,
178,,,
179,,,
180,,,
181,,,
182,,,
183,,,
184,,,
185,,,
186,,,
187,,,
188,,,
189,,,
190,,,
191,,,
192,,,
193,,,
194,,,
195,,,
196,,,
197,,,
198,,,
199,,,
200,,,
201,,,
202,,,
203,,,
204,,,
205,,,
206,,,
207,,,
208,,,
209,,,
210,,,
211,,,
212,,,
213,,,
214,,,
215,,,
216,,,
217,,,
218,,,
219,,,
220,,,
221,,,
222,,,
223,,,
224,,,
225,,,
226,,,
227,,,
228,,,
229,,,
230,,,
231,,,
232,,,
233,,,
234,,,
235,,,
236,,,
237,,,
238,,,
239,,,
240,,,
241,,,
242,,,
243,,,
244,,,
245,,,
246,,,
247,,,
248,,,
249,,,
250,,,
251,,,
252,,,
253,,,
254,,,
255,,,
256,,,
257,,,
258,,,
259,,,
260,,,
261,,,
262,,,
263,,,
264,,,
265,,,
266,,,
267,,,
268,,,
269,,,
270,,,
271,,,
272,,,
273,,,
274,,,
275,,,
276,,,
277,,,
278,,,
279,,,
280,,,
281,,,
282,,,
283,,,
284,,,
285,,,
286,,,
287,,,
288,,,
289,,,
290,,,
291,,,
292,,,
293,,,
294,,,
295,,,
296,,,
297,,,
298,,,
299,,,
300,,,
301,,,
302,,,
303,,,
304,,,
305,,,
306,,,
307,,,
308,,,
309,,,
310,,,
311,,,
312,,,
313,,,
314,,,
315,,,
316,,,
317,,,
318,,,
319,,,
320,,,
321,,,
322,,,
323,,,
324,,,
325,,,
326,,,
327,,,
328,,,
329,,,
330,,,
331,,,
332,,,
333,,,
334,,,
335,,,
336,,,
337,,,
338,,,
339,,,
340,,,
341,,,
342,,,
343,,,
344,,,
345,,,
346,,,
347,,,
348,,,
349,,,
350,,,
351,,,
352,,,
353,,,
354,,,
355,,,
356,,,
357,,,
358,,,
359,,,
360,,,
361,,,
362,,,
363,,,
364,,,
365,,,
366,,,
367,,,
368,,,
369,,,
370,,,
371,,,
372,,,
373,,,
374,,,
375,,,
376,,,
377,,,
378,,,
379,,,
380,,,
381,,,
382,,,
383,,,
384,,,
385,,,
386,,,
387,,,
388,,,
389,,,
390,,,
391,,,
392,,,
393,,,
394,,,
396,,,
397,,,
398,,,
399,,,
400,,,
401,,,
402,,,
403,,,
404,,,
405,,,
406,,,
407,,,
408,,,
410,,,
411,,,
412,,,
413,,,
414,,,
415,,,
416,,,
417,,,
418,,,
419,,,
420,,,
421,,,
422,,,
423,,,
426,,,
427,,,
428,,,
429,,,
430,,,
431,,,
433,,,
434,,,
435,,,
436,,,
437,,,
438,,,
439,,,
440,,,
441,,,
442,,,
443,,,
444,,,
445,,,
446,,,
447,,,
449,,,
450,,,
452,,,
454,,,
455,,,
456,,,
457,,,
459,,,
460,,,
461,,,
462,,,
463,,,
464,,,
465,,,
466,,,
467,,,
468,,,
469,,,
470,,,
471,,,
472,,,
473,,,
474,,,
475,,,
476,,,
477,,,
478,,,
479,,,
480,,,
481,,,
482,,,
483,,,
485,,,
486,,,
488,,,
489,,,
490,,,
491,,,
492,,,
493,,,
494,,,
495,,,
496,,,
497,,,
500,,,
501,,,
502,,,
503,,,
505,,,
507,,,
508,,,
509,,,
510,,,
511,,,
512,,,
513,,,
514,,,
515,,,
516,,,
517,,,
518,,,
519,,,
520,,,
521,,,
522,,,
523,,,
524,,,
525,,,
526,,,
527,,,
528,,,
529,,,
531,,,
532,,,
533,,,
534,,,
535,,,
536,,,
537,,,
538,,,
540,,,
541,,,
542,,,
543,,,
544,,,
545,,,
546,,,
547,,,
548,,,
549,,,
550,,,
551,,,
552,,,
553,,,
555,,,
557,,,
558,,,
560,,,
561,,,
562,,,
563,,,
564,,,
565,,,
566,,,
567,,,
568,,,
569,,,
575,,,
576,,,
577,,,
578,,,
579,,,
582,,,
583,,,
584,,,
585,,,
587,,,
588,,,
590,,,
591,,,
592,,,
593,,,
595,,,
596,,,
597,,,
598,,,
599,,,
600,,,
601,,,
602,,,
605,,,
606,,,
607,,,
608,,,
610,,,
611,,,
612,,,
613,,,
614,,,
615,,,
618,,,
619,,,
621,,,
622,,,
623,,,
625,,,
628,,,
629,,,
630,,,
631,,,
632,,,
633,,,
634,,,
636,,,
637,,,
640,,,
641,,,
642,,,
643,,,
644,,,
645,,,
646,,,
648,,,
650,,,
651,,,
653,,,
654,,,
655,,,
656,,,
657,,,
658,,,
659,,,
660,,,
661,,,
663,,,
664,,,
665,,,
668,,,
669,,,
670,,,
671,,,
672,,,
673,,,
674,,,
675,,,
677,,,
678,,,
679,,,
680,,,
681,,,
682,,,
683,,,
684,,,
685,,,
686,,,
687,,,
689,,,
690,,,
692,,,
693,,,
694,,,
695,,,
696,,,
697,,,
698,,,
699,,,
700,,,
701,,,
702,,,
703,,,
705,,,
706,,,
707,,,
708,,,
709,,,
710,,,
711,,,
712,,,
713,,,
714,,,
715,,,
716,,,
717,,,
720,,,
721,,,
722,,,
723,,,
724,,,
725,,,
726,,,
727,,,
728,,,
729,,,
730,,,
731,,,
732,,,
734,,,
735,,,
736,,,
742,,,
744,,,
745,,,
746,,,
748,,,
749,,,
750,,,
751,,,
752,,,
754,,,
757,,,
762,,,
763,,,
764,,,
767,,,
768,,,
770,,,
771,,,
772,,,
773,,,
774,,,
776,,,
777,,,
778,,,
779,,,
780,,,
781,,,
782,,,
783,,,
784,,,
785,,,
786,,,
789,,,
790,,,
792,,,
793,,,
794,,,
796,,,
797,,,
798,,,
801,,,
802,,,
803,,,
804,,,
807,,,
808,,,
811,,,
812,,,
813,,,
814,,,
815,,,
816,,,
819,,,
821,,,
822,,,
824,,,
825,,,
827,,,
828,,,
829,,,
830,,,
836,,,
837,,,
839,,,
843,,,
845,,,
846,,,
849,,,
850,,,
851,,,
852,,,
853,,,
854,,,
857,,,
859,,,
861,,,
862,,,
864,,,
865,,,
866,,,
868,,,
869,,,
870,,,
871,,,
874,,,
875,,,
877,,,
880,,,
881,,,
885,,,
887,,,
893,,,
895,,,
896,,,
897,,,
899,,,
900,,,
902,,,
903,,,
905,,,
908,,,
909,,,
910,,,
913,,,
915,,,
917,,,
923,,,
926,,,
927,,,
928,,,
930,,,
931,,,
933,,,
934,,,
936,,,
940,,,
941,,,
942,,,
946,,,
948,,,
950,,,
951,,,
953,,,
954,,,
958,,,
959,,,
961,,,
964,,,
967,,,
970,,,
974,,,
976,,,
977,,,
983,,,
984,,,
985,,,
987,,,
988,,,
994,,,
997,,,
998,,,
999,,,
1001,,,
1008,,,
1050,,,
1111,,,
1112,,,
1121,,,
1193,,,
1204,,,
1225,,,
1247,,,
1401,,,
1477,,,
1506,,,
1776,,,
2014,,,
2015,,,
2089,,,
2779,,,
2879,,,
3669,,,
3690,,,
3700,,,
4993,,,
9842,,,
11331,,,
13236,,,
45826,,,
65403,,,
80630,,,
100951,,,
201403,,,
305071,,,
354913,,,
570003,,,
690147,,,
1204873,,,
1562406,,,
2506214,,,
3031367,,,
3501640,,,
3788821,,,
3931446,,,
4076394,,,
5761199,,,
6252429,,,
6299274,,,
6954894,,,
7890832,,,
8386497,,,
8420642,,,
9444899,,,
12162799,,,
12453403,,,
12946938,,,
13102312,,,
14654602,,,
14959787,,,
31242340,,,
37404927,,,
44007614,,,
46388903,,,
55676064,,,
56607622,,,
60964266,,,
63734181,,,
67121015,,,
90904426,,,
97274009,,,
97860332,,,
119438026,,,
119739662,,,
130878000,,,
139261317,,,
150356095,,,
155568322,,,
156693665,,,
157235342,,,
158482646,,,
160510053,,,
198472700,,,
414440551,,,
461975658,,,
598541341,,,
912639671,,,
1990160101,,,
9059239282,,,
2.41E+12,,,
5.20E+14,,,
;AB,AB,CAN,CA
]BC,BC,CAN,CA
006 PCF,,CAN,CA
008 TD,,CAN,CA
040 DESJARDINS,,CAN,CA
041-CIBC,,CAN,CA
046 NBC,NB,CAN,CA
0N,ON,CAN,CA
0NTARIO,ON,CAN,CA
1$ CHEQUE,,CAN,CA
10 LOWER DRIVER ST,,,
16 08 QC,QC,CAN,CA
1C,,,
281-BNS,,,
355-TD CANADA,,CAN,CA
4492578648LC,,,
5568-3126,,,
600 DESJARDINS,,,
A,,,
A B,AB,CAN,CA
A72711350545310,,,
A8930358,,,
AB,AB,CAN,CA
AB 2011040420141123,AB,CAN,CA
AB 2011091220130917,AB,CAN,CA
AB 2012091720170420,AB,CAN,CA
AB 2013021220190116,AB,CAN,CA
AB CALGARY,AB,CAN,CA
AB CANADA,AB,CAN,CA
AB EDMONTON,AB,CAN,CA
AB`,AB,CAN,CA
AB1,AB,CAN,CA
ABA,AB,CAN,CA
ABB,,,
ABC,AB,CAN,CA
ABDA,AB,CAN,CA
ABERDEEN,,,
ABERTA,AB,CAN,CA
ABH,,,
ABID,AB,CAN,CA
ABN,AB,CAN,CA
ABP,,,
ABQ,AB,CAN,CA
AC,,,
ACCESS CREDIT UNION,,CAN,CA
ACUL,,,
ADVANTAGECU,,,
AJAX,ON,CAN,CA
AJAX ON,ON,CAN,CA
AJAX ONT,ON,CAN,CA
AL,,,
ALB,AB,CAN,CA
ALBERT,AB,CAN,CA
ALBERTA,AB,CAN,CA
ALBERTA CANADA,AB,CAN,CA
ALBERTA EDMONTON,AB,CAN,CA
ALBERTA GOVERNMENT,AB,CAN,CA
ALBERTA-EDMONTON,AB,CAN,CA
ALBERTATREASURYBRANC,AB,CAN,CA
ALERTA,AB,CAN,CA
ALI,,,
ALTA,,,
ALVERTA,AB,CAN,CA
AM,,,
AMAN JORDAN,,JOR,JO
AN,,,
AQB,,,
AQC,QC,CAN,CA
AS,,,
ATB,,,
ATB FINANCIAL,,,
AURORA,,,
AURORA ONTARIO,ON,CAN,CA
AUST,,,
AUSTRALIA,,AUS,AU
AUTREMONT QC,QC,CAN,CA
AV,,,
B,,,
B C,BC,CAN,CA
B=AB,AB,CAN,CA
B20381561600625,,,
B41321176451128,,,
B42603958735612,,,
B46466848530922,,,
B51585193835517,,,
B65116266890922,,,
B76105682435815,,,
B93615000566223,,,
BA,,,
BANCROFT,,USA,US
BANGLADESH,,BGD,BD
BARRY,ON,CAN,CA
BARTON,,USA,US
BATHURST,ON,CAN,CA
BATTLEFORD,SK,CAN,CA
BBC,,,
BC,BC,CAN,CA
BC CANADA,BC,CAN,CA
BC CANADA,BC,CAN,CA
BC CARE,BC,CAN,CA
BC IDENTIFICATION,BC,CAN,CA
BC SURREY,BC,CAN,CA
BC VANCOUVER,BC,CAN,CA
BC.,BC,CAN,CA
BC4834584,BC,CAN,CA
BCB,,,
BCC,BC,CAN,CA
BCDL,,,
BCID,BC,CAN,CA
BCQ,,,
BCVANCOUVER,BC,CAN,CA
BD,,,
BEAVERTON ONTARIO,ON,CAN,CA
BECANCOUR,QC,CAN,CA
BECANCOUR QC,QC,CAN,CA
BETHIERVILLE,QC,CAN,CA
BEW BRUNSWICK,NB,CAN,CA
BG,,,
BGRITISH COLUMBIA,BC,CAN,CA
BLACKSTOCK,,USA,US
BM,,,
BMO,,CAN,CA
BMS,,,
BNDC,,,
BNS,,,
BOISBRIAND,QC,CAN,CA
BOLTON,ON,CAN,CA
BONNYVILLE ALBERTA,AB,CAN,CA
BOUCHERVILLE,QC,CAN,CA
BRADFORD ONTARIO,ON,CAN,CA
BRAMPTON,ON,CAN,CA
BRAMPTON ON,ON,CAN,CA
BRAMPTON ONT,ON,CAN,CA
BRARKS192K7,,,
BRISITH COLUMBIA,BC,CAN,CA
BRISTISH COLUMBIA,BC,CAN,CA
BRITISH COL,BC,CAN,CA
BRITISH COLIMBIA,BC,CAN,CA
BRITISH COLUBIA,BC,CAN,CA
BRITISH COLUMBAI,BC,CAN,CA
BRITISH COLUMBI,BC,CAN,CA
BRITISH COLUMBIA,BC,CAN,CA
BRITISH COLUMBIA3,BC,CAN,CA
BRITISH COLUMIBA,BC,CAN,CA
BRITISHCOLUMBIA,BC,CAN,CA
BRITSH COLUMBIA,BC,CAN,CA
BRITSIH COLUMBIA,BC,CAN,CA
BRITSISH COLUMBIA,BC,CAN,CA
BROSARD QC,QC,CAN,CA
BS,,,
BURLINGTON,ON,CAN,CA
BURLINGTON ON,ON,CAN,CA
BURNABY BC,BC,CAN,CA
BV,,,
BX,,,
C,,,
C64831565600108,,,
C65545586635228,,,
C68035278356015,,,
C7730275,,,
CA,,CAN,CA
CA BC,BC,CAN,CA
CA ON,ON,CAN,CA
CA ONT,ON,CAN,CA
CAANDA,,CAN,CA
CABADA,,CAN,CA
CACNADA,,CAN,CA
CALAGARY,AB,CAN,CA
CALAGRY AB,AB,CAN,CA
CALGARY,AB,CAN,CA
CALGARY AB,AB,CAN,CA
CALGARY ALBERTA,AB,CAN,CA
"CALGARY,AB",AB,CAN,CA
CALIFORNIA,,USA,US
CAMBRIDGE,NU,CAN,CA
CAMBRIDGE BAY,NU,CAN,CA
CAN,,CAN,CA
CAN ON,ON,CAN,CA
CANAA,,CAN,CA
CANAADA,,CAN,CA
CANAD,,CAN,CA
Canada,,CAN,CA
CANADA AB,AB,CAN,CA
CANADA AB EDMONTON,AB,CAN,CA
CANADA ALBERTA,AB,CAN,CA
CANADA BC,BC,CAN,CA
CANADA CALGARY,AB,CAN,CA
CANADA GOVT,,CAN,CA
CANADA IMMIGRATION,,CAN,CA
CANADA MANITOBA,MB,CAN,CA
CANADA MB,MB,CAN,CA
CANADA OLD AGE CARD,,CAN,CA
CANADA ON,ON,CAN,CA
CANADA ONT,ON,CAN,CA
CANADA ONTARIO,ON,CAN,CA
CANADA QC,QC,CAN,CA
CANADA QUEBEC,QC,CAN,CA
CANADA TOR,ON,CAN,CA
CANADA TORONTO,ON,CAN,CA
"CANADA, ONTARIO",ON,CAN,CA
CANADA/ALBERTA,AB,CAN,CA
CANADA/ONTARIO,ON,CAN,CA
CANADA`,,CAN,CA
CANADA1,,CAN,CA
CANADABC,BC,CAN,CA
CANADAIN,,CAN,CA
CANADFA,,CAN,CA
CANADIA,,CAN,CA
CANADIAN,,CAN,CA
CANADIAN GOV,,CAN,CA
CANADIAN GOVT,,CAN,CA
CANADIAN PASSPORT,,CAN,CA
CANADIAN PROVINCE,,CAN,CA
CANADQA,,CAN,CA
CANASA,,CAN,CA
CANDA,,CAN,CA
CANTLEY QUE,QC,CAN,CA
"CARWAY, AB",AB,CAN,CA
CAT,,,
CBC,,,
CC,,,
CCON,,,
CCS,,,
CD,,CAN,CA
CDA,,,
CDN,,CAN,CA
CDN PASSPORT,,CAN,CA
CDQ,,,
CH,,,
CHATHAM ONTARIO,ON,CAN,CA
CHATRQUAY QC,QC,CAN,CA
CHD INDIA,,IND,IN
CHICOUTIMI QC,QC,CAN,CA
CHILE,,CHL,CL
CHILLIWACK,BC,CAN,CA
CHILLIWACK BC,BC,CAN,CA
CHINA,,CHN,CN
CHINE QC,QC,CAN,CA
CHQ,,,
CHQ#231,,,
CIBC,,CAN,CA
CIBC BANK,,CAN,CA
CIU,,,
CN,,,
CNADA,,CAN,CA
CNS,,,
CO,,,
COA,,,
COCHRANE AB,AB,CAN,CA
COLLINGWOOD,,,
COLOMBIA,,COL,CO
COLOMBIE-BRITANNIQUE,BC,CAN,CA
COLORADO USA,,USA,US
COLUMBIA,,COL,CO
CON,,,
CONCORD,,USA,US
CONNECTICAUT,,USA,US
COOKSHIRE EATON,QC,CAN,CA
COQUITLAM,BC,CAN,CA
COURTICE,ON,CAN,CA
CUBAC,QC,CAN,CA
CZECH PASSPORT,,CZE,CZ
D/L ONT,ON,CAN,CA
DALMNEY,SK,CAN,CA
DEJARDINS,,,
DELHI INDIA,,IND,IN
DELSON,,,
DELTA BC,BC,CAN,CA
DESJARDINS,,,
DK,,,
DL,,,
DLAB,,,
DLBC,,,
DLON,,,
DOLLARD DES ORMEAUX,QC,CAN,CA
DON MILLS ON,ON,CAN,CA
DORSEY,,CAN,CA
DORVAL,QC,CAN,CA
DOWNE160750004,,,
DOWNSVIEW,ON,CAN,CA
DOWNVIEW,ON,CAN,CA
DRUMMONDVILLE,QC,CAN,CA
DRUMONDVILLE,QC,CAN,CA
DRYDEN ONTARIO,ON,CAN,CA
DUBIN,,,
DUNDURN,ON,CAN,CA
E03511622485608,,,
E07822001605723,,,
EAST ANGUS,QC,CAN,CA
ED,,,
EDMONTON,AB,CAN,CA
EDMONTON AB,AB,CAN,CA
EDMONTON AB,AB,CAN,CA
EDMONTON ALBERTA,AB,CAN,CA
EDMONTON CA,AB,CAN,CA
EDMONTON CANADA,AB,CAN,CA
EDMUNDSTON,NB,CAN,CA
ELBOUN,,,
ELBOW,,,
ENGLAND,,GBR,GB
ETOBICOKE,ON,CAN,CA
ETOBICOKE ON,ON,CAN,CA
ETOBICOKE ONT,ON,CAN,CA
ETOBICOKE ONTARIO,ON,CAN,CA
EVT,,,
FE,,,
FEDERAL,,,
FEDERAL GOV'T,,CAN,CA
FILIPINO,,PHL,PH
FL,,,
FLORIDA,,USA,US
FLSCU,,,
FOREIGN,,,
FORT MCMURAY,AB,CAN,CA
FORT MCMURRAY,AB,CAN,CA
FORT MCMURRAY AB,AB,CAN,CA
FORTIERVILLE,QC,CAN,CA
FRANCE,,FRA,FR
FREDERICTO NB,NB,CAN,CA
GATINEAU,QC,CAN,CA
GATINEAU QC,QC,CAN,CA
GATINEAU QUEBEC,QC,CAN,CA
GATUBEAY,QC,CAN,CA
GELKIRK MB,MB,CAN,CA
GENTILLY,QC,CAN,CA
GEORGIA,,GEO,GE
GERALDTON ONTARIO,ON,CAN,CA
GERMANY,,DEU,DE
GF440544,,,
GOLDEN RIVER,,,
GOV CANADA,,CAN,CA
GOV FED,,,
GOV OF BANGLADES,,BGD,BD
GOV OF CAN,,CAN,CA
GOV OF CANADA,,CAN,CA
GOV OF ON,ON,CAN,CA
GOV OF QC,QC,CAN,CA
GOVENMETN OF CANADA,,CAN,CA
GOVERMENT OF CANADA,,CAN,CA
GOVERNMENT,,,
GOVERNMENT CANADA,,CAN,CA
GOVERNMENT IMMIGRATI,,,
GOVERNMENT OF CANADA,,CAN,CA
GOVN OF CANADA,,CAN,CA
GOVRNMENT,,,
GOVT CANADA,,CAN,CA
GOVT CANADA ONTARIO,ON,CAN,CA
GOVT OF CANADA,,CAN,CA
GOVT OF CANADA,,CAN,CA
GOVT OF CANADA PER R,,CAN,CA
GOVT OF ON,ON,CAN,CA
GOVT OF ONT,ON,CAN,CA
GOVT OF ONTARIO,ON,CAN,CA
GOVT ONT,ON,CAN,CA
GRANBY QC,QC,CAN,CA
GRAND MERE,,,
GREAT BRITAN,,GBR,GB
GUELPH,ON,CAN,CA
GUJARAT,,IND,IN
H03161242920414,,,
H03471131576115,,,
H91777383220527,,,
H93001224685217,,,
HAD086031617,,,
HAGUE,SK,CAN,CA
HALIFAX,NS,CAN,CA
HALIFAX NOVA SCOTIA,NS,CAN,CA
HALIFAX NS,NS,CAN,CA
HALIFAXNS,NS,CAN,CA
HALOWHC14406,,,
HAMILTON,ON,CAN,CA
HAMILTON ON,ON,CAN,CA
HAMILTON ONT,ON,CAN,CA
HANLEY,SK,CAN,CA
HANOVER,ON,CAN,CA
HAPPY VALLEY NL,NL,CAN,CA
HC,,,
HCU,,,
HENVEY INLET,ON,CAN,CA
HERITGE CREDIT UNION,,,
HJ9000,,,
HOLLAND LANDING,,,
HOLLAND LANDING ON,ON,CAN,CA
HOLLAND LANDING ONT,ON,CAN,CA
HOLLAND LANDING ONTA,ON,CAN,CA
HONG KONG,,HKG,HK
HONGKONG,,HKG,HK
HONGKONGSAR,,HKG,HK
HSBC,,CAN,CA
IB,,,
IGNACE ONTARIO,ON,CAN,CA
ILE-DU-PRINCE-EDOUAR,PE,CAN,CA
ILLINOIS,,USA,US
ILOILO,,,
IMMIGRATION 1442,,,
INDAIA,,IND,IN
INDIA,,IND,IN
INDIAN,,IND,IN
INDIAN AND NORTHERN,,,
INDIAN HEAD,,,
INNISFIL ON,ON,CAN,CA
INNOVATION CREDIT UN,,,
INTERNATIONAL,,,
ION,,,
IRAN,,IRN,IR
IRELAND,,IRL,IE
IRELAND DC,,IRL,IE
IS,,,
ISLAND,,,
ISRAEL,,ISR,IL
ITALY,,ITA,IT
JAMAICA,,JAM,JM
JAMICA,,JAM,JM
JAPAN,,JPN,JP
JASPER,AB,CAN,CA
JOHNS,,,
JON,,,
JWR,,,
K0873126891030,,,
KBC,,,
KELOWNA,BC,CAN,CA
KELOWNA BC,BC,CAN,CA
KESWICK ONTARIO,ON,CAN,CA
KETTLEBY ON,ON,CAN,CA
KIMSJ300WL,,,
KINDERSLEY SK,SK,CAN,CA
KINGSTON,ON,CAN,CA
KINGSTON ONTARIO,ON,CAN,CA
KITCHENER,ON,CAN,CA
KITCHENER ONTARIO,ON,CAN,CA
KON,,,
KYIV UKRAINE,,UKR,UA
L29046143560313,,,
L500523036107,,,
LA UNION PHILIPPINES,,PHL,PH
LA UNION PHILLIPINES,,PHL,PH
LAB,,,
LACHINE,QC,CAN,CA
LACHINE QC,QC,CAN,CA
"LAHORE, PAK",,PAK,PK
LALOCHE,SK,CAN,CA
LASALLE,ON,CAN,CA
LASALLE QC,QC,CAN,CA
LATVIAJS,,,
LAURENTEIN,QC,CAN,CA
LAVAL,QC,CAN,CA
LAVAL QC,QC,CAN,CA
LB9021,,,
LBC,,,
LD9021,,,
LEFROY ONTARIO,ON,CAN,CA
LETHBRIDGE,AB,CAN,CA
LITHUANIA,,LTU,LT
LLOYDMINSTER,AB,CAN,CA
LNS,,,
LON,,,
LONAUEUIL,QC,CAN,CA
LONDON,ON,CAN,CA
LONGUEUIL,QC,CAN,CA
LONGUEVIL,QC,CAN,CA
LONGVEVIL,QC,CAN,CA
LOUISEVILLE,QC,CAN,CA
LOUISEVILLE PQ,QC,CAN,CA
LQC,QC,CAN,CA
M JAW,SK,CAN,CA
M. JAW,SK,CAN,CA
M.JAW,SK,CAN,CA
M01826920800603,,,
M15933223466009,,,
M16544105920307,,,
M25335834680421,,,
M65901632540308,,,
MA,,,
MAB,,,
MABITOBA,MB,CAN,CA
MAINE,,,
MAINE USA,,USA,US
MAINITOBA,MB,CAN,CA
MAISON,ON,CAN,CA
MAITOBA,MB,CAN,CA
MAN,,,
MANI WAKI,QC,CAN,CA
MANIGOBA,MB,CAN,CA
MANILA,,PHL,PH
MANILA PHILIPPINES,,PHL,PH
MANILA PHILS,,PHL,PH
MANILLA,,PHL,PH
MANIOTBA,MB,CAN,CA
MANITBOA,MB,CAN,CA
MANITOBA,MB,CAN,CA
MANITOBA CANADA,AB,CAN,CA
MANITOBE,MB,CAN,CA
MANNITOBA636,MB,CAN,CA
MANUFLIFE BANK,,CAN,CA
MAPLE,ON,CAN,CA
MAPLE ON,ON,CAN,CA
MARKHAM,ON,CAN,CA
MARKHAM ONTARIO,ON,CAN,CA
MARYLAND USA,,USA,US
MASACH,,,
MASKINONGE,ON,CAN,CA
MATAWATCHAN RENFREW,ON,CAN,CA
MB,MB,CAN,CA
MB CANADA,MB,CAN,CA
MB WPG,MB,CAN,CA
MB`,MB,CAN,CA
MC,,,
MC PHILLIPS,,,
MECO TAIPEI,,,
MELFORT,SK,CAN,CA
MENITOBA,MB,CAN,CA
MERIDIAN CREDIT UNIO,,CAN,CA
MEXICANA,,MEX,MX
MEXICO,,MEX,MX
MICHIGAN,,USA,US
MILTON,ON,CAN,CA
MISSISSAUGA,ON,CAN,CA
MISSISSAUGA ON,ON,CAN,CA
MISSISSAUGA ONT,ON,CAN,CA
MISSISSAUGA ONTARIO,ON,CAN,CA
ML,,,
MN,,,
MONCTON,NB,CAN,CA
MONCTON NB,NB,CAN,CA
MONHTREAL,QC,CAN,CA
MONITOBA,MB,CAN,CA
MONT.QC,QC,CAN,CA
MONTANA,,USA,US
MONTEAL,QC,CAN,CA
MONTEAL QC,QC,CAN,CA
MONTERAL,QC,CAN,CA
MONTRAEL,QC,CAN,CA
MONTRAL,QC,CAN,CA
MONTRAL QC,QC,CAN,CA
MONTREAL,QC,CAN,CA
MONTREAL CANADA,QC,CAN,CA
MONTREAL NORD,QC,CAN,CA
MONTREAL NORD QC,QC,CAN,CA
MONTREAL QC,QC,CAN,CA
MONTREAL QUE,QC,CAN,CA
MONTREAL QUEBEC,QC,CAN,CA
MONTREAL-NORD,QC,CAN,CA
MONTREAL/QC,QC,CAN,CA
MONTREEAL,QC,CAN,CA
MOOSE JAW,SK,CAN,CA
MOTREAL,QC,CAN,CA
MOUNT ALBERT ONTARIO,ON,CAN,CA
MOVA SCOTIA,NS,CAN,CA
MS,,,
MT,,,
MT ALBERT ONTARIO,ON,CAN,CA
MTL,QC,CAN,CA
MTL QC,QC,CAN,CA
MTL/ QC,QC,CAN,CA
MTL/QC,QC,CAN,CA
MTO,,,
MULGRAVEET DERRY,QC,CAN,CA
MUMBAI,,IND,IN
MWT,,,
N,,,
N S,,,
N66713420610619,,,
NA,,,
NAPLES FLORIDA,,USA,US
NATIONAL DEFENCE,,CAN,CA
NB,NB,CAN,CA
NB CANADA,NB,CAN,CA
NB CANADA,NB,CAN,CA
NBB,NB,CAN,CA
NBC,NB,CAN,CA
NBLCC,NB,CAN,CA
NC,,,
NEBRASKA,,USA,US
NEPEAN,ON,CAN,CA
NEVADA,,USA,US
NEW,,,
NEW BRIMSWOCL,,CAN,CA
NEW BRUNCSWICK,NB,CAN,CA
NEW BRUNSWICK,NB,CAN,CA
NEW BRUNSWINC,NB,CAN,CA
NEW BRUSNWICK,NB,CAN,CA
NEW BURNSWICK,NB,CAN,CA
NEW DELHI INDIA,,IND,IN
NEW FOUND LAND,NL,CAN,CA
NEW FOUNDLAND,NL,CAN,CA
NEW JERSEY,,USA,US
NEW MARKET ON,ON,CAN,CA
NEW WESTMINSTER,BC,CAN,CA
NEW YORK,,USA,US
NEW ZELAND,,NZL,NZ
NEW3 BRUNSWICK,NB,CAN,CA
NEWBRUINSWICK,NB,CAN,CA
NEWBRUNSWICK,NB,CAN,CA
NEWFOUNDLAN,NL,CAN,CA
NEWFOUNDLAND,NL,CAN,CA
NEWFOUNDLAND AND LAB,NL,CAN,CA
NEWFOUNLAND,NL,CAN,CA
NEWMARKET,ON,CAN,CA
NEWMARKET ON,ON,CAN,CA
NEWMARKET ONT,ON,CAN,CA
NEWMARKET ONTAIO,ON,CAN,CA
NEWMARKET ONTARIO,ON,CAN,CA
NEWYORK,,USA,US
NF,NL,CAN,CA
NFL,NL,CAN,CA
NFLD,NL,CAN,CA
NFLD AND LABRADOR,NL,CAN,CA
NIGERIA,,NGA,NG
NITOBA,,CAN,CA
NL,NL,CAN,CA
NL;,NL,CAN,CA
NM,,,
NO,,,
NOBVA SCOTIA,NS,CAN,CA
NOCA SCOTIA,NS,CAN,CA
NONTREAL,QC,CAN,CA
NORDIC BUSINESS COLL,ON,CAN,CA
NORTH PORTAL,SK,CAN,CA
NORTH YORK,ON,CAN,CA
NORTH YORK CANADA,ON,CAN,CA
NORTH YORK ON,ON,CAN,CA
NORTH YORK ON CA,ON,CAN,CA
NORTH YORK ONTARIO,ON,CAN,CA
NORTHWEST TERRITORIE,NT,CAN,CA
NOUVEAU BRUNSWICK,NB,CAN,CA
NOUVEAU-BRUNSWICK,NB,CAN,CA
NOUVELLE-ECOSSE,NS,CAN,CA
NOV SCOTIA,NS,CAN,CA
NOVA,NS,CAN,CA
NOVA SACOTIA,NS,CAN,CA
NOVA SCOATIA,NS,CAN,CA
NOVA SCOCIA,NS,CAN,CA
NOVA SCOITA,NS,CAN,CA
NOVA SCOTAI,NS,CAN,CA
NOVA SCOTIA,NS,CAN,CA
NOVA SCOTIA CANADA,NS,CAN,CA
NOVA SCOTIA HALIFAX,NS,CAN,CA
NOVA SCOTIA3,NS,CAN,CA
NOVA SCOTIAQ,NS,CAN,CA
NOVA SCOVIA,NS,CAN,CA
NOVAASCOTIA,NS,CAN,CA
NOVASCATIA,NS,CAN,CA
NOVASCOTIA,NS,CAN,CA
NOVE SCOTIA,NS,CAN,CA
NOVOAJ394PC,,,
NOVOSCOTIA,NS,CAN,CA
NOVS SCOTIA,NS,CAN,CA
NRITISH COLUMBIA,BC,CAN,CA
NS,NS,CAN,CA
NS HALIFAX,NS,CAN,CA
NT,NT,CAN,CA
NT+,NT,CAN,CA
NU,NU,CAN,CA
NUNAVUT,NU,CAN,CA
NV,,,
NW,NW,CAN,CA
NW TERRITORIES,NT,CAN,CA
NWT,NW,CAN,CA
NY,,,
O,,,
O N,ON,CAN,CA
OAKVILLE,ON,CAN,CA
OANT,ON,CAN,CA
OAS,,,
OB,,,
OBC,,,
OBN,,,
OBNTARIO,ON,CAN,CA
OC,,,
OEI,,,
OH,,,
OHIO,,,
OHIO USA,,USA,US
OIN,,,
OM,,,
OMN,,,
OMT,,,
ON,ON,CAN,CA
ON CANADA,ON,CAN,CA
ON CA,ON,CAN,CA
ON CAN,ON,CAN,CA
ON CANADA,ON,CAN,CA
ON CD,ON,CAN,CA
ON DIL,ON,CAN,CA
ON DRI LIC,ON,CAN,CA
ON GOV CA,ON,CAN,CA
ON ON,ON,CAN,CA
ON T,ON,CAN,CA
ON TORONTO,ON,CAN,CA
ON.,ON,CAN,CA
ON',ON,CAN,CA
ON],ON,CAN,CA
ON\,ON,CAN,CA
ON`,ON,CAN,CA
ON03212016,,,
ON3,ON,CAN,CA
ONARIO,ON,CAN,CA
ONATARIO,ON,CAN,CA
ONATIO,ON,CAN,CA
ONATRIO,ON,CAN,CA
ONCA,ON,CAN,CA
ONCANADA,ON,CAN,CA
ONCTON,ON,CAN,CA
ONE,,,
ONM,ON,CAN,CA
ONMT,,,
ONN,ON,CAN,CA
ONO,ON,CAN,CA
ONON,ON,CAN,CA
ONQ,ON,CAN,CA
ONT,ON,CAN,CA
ONT CAN,ON,CAN,CA
ONT CANADA,ON,CAN,CA
ONT GOV CA,ON,CAN,CA
ONT GOV CANADA,ON,CAN,CA
ONT/CANADA,ON,CAN,CA
ONTA,ON,CAN,CA
ONTAIO,ON,CAN,CA
ONTAIOR,ON,CAN,CA
ONTAIR,ON,CAN,CA
ONTAIRO,ON,CAN,CA
ONTAR,ON,CAN,CA
ONTAR4IO,ON,CAN,CA
ONTARAIO,ON,CAN,CA
ONTARI,ON,CAN,CA
ONTARIIO,ON,CAN,CA
ONTARIO,ON,CAN,CA
ONTARIO CANADA,ON,CAN,CA
ONTARIO CA,ON,CAN,CA
ONTARIO CANADA,ON,CAN,CA
ONTARIO D/L,ON,CAN,CA
ONTARIO ONT,ON,CAN,CA
ONTARIO TOR,ON,CAN,CA
ONTARIO TORONTO,ON,CAN,CA
ONTARIO-CANADA,ON,CAN,CA
ONTARIO/CANADA,ON,CAN,CA
ONTARIO\,ON,CAN,CA
ONTARIO1,ON,CAN,CA
ONTARIOD,ON,CAN,CA
ONTARIOO,ON,CAN,CA
ONTARIOQ,ON,CAN,CA
ONTARIOS,ON,CAN,CA
ONTARIOT,ON,CAN,CA
ONTARIP,ON,CAN,CA
ONTARO,ON,CAN,CA
ONTARUIO,ON,CAN,CA
ONTERIO,ON,CAN,CA
ONTQRIO,ON,CAN,CA
ONTRIO,ON,CAN,CA
ONTYARIO,ON,CAN,CA
ONY,,,
OON,ON,CAN,CA
OONT,ON,CAN,CA
OOV OF ON,ON,CAN,CA
OOVERNMENT OF CANADA,,CAN,CA
OPN,,,
OPT,,,
ORANGEVILLE,ON,CAN,CA
ORFORD,QC,CAN,CA
OS,,,
OSHAWA,ON,CAN,CA
OSHAWA ONT,ON,CAN,CA
OSHAWA ONTARIO,ON,CAN,CA
OTTAWA,ON,CAN,CA
OTTAWA ON,ON,CAN,CA
OTTAWA ONT,ON,CAN,CA
OTTAWA ONTARIO,ON,CAN,CA
OTTAWA-CANADA,ON,CAN,CA
OTTAWAONTARIO,ON,CAN,CA
P05940411820715,,,
P08375776626016,,,
PAKISTAN,,PAK,PK
PALLIPPINE,,PHL,PH
PANAMA,,PAN,PA
PARRY SOUND ONTARIO,ON,CAN,CA
PASS,,CAN,CA
PASSED,,CAN,CA
PASSED TU,,CAN,CA
PC,,,
PE,PE,CAN,CA
PEI,PE,CAN,CA
PEI`,PE,CAN,CA
PEINCE EDWARD ISLAND,PE,CAN,CA
PEO,,,
PERTH,ON,CAN,CA
PETERBOROUGH,ON,CAN,CA
PHI,,PHL,PH
PHIL,,PHL,PH
PHIL EMBASSY BEIRUT,,PHL,PH
PHILIPIAN PASSPORT,,PHL,PH
PHILIPIE,,PHL,PH
PHILIPIN,,PHL,PH
PHILIPINE,,PHL,PH
PHILIPINE PASSPORT,,PHL,PH
PHILIPINES,,PHL,PH
PHILIPINESD,,PHL,PH
PHILIPINESS,,PHL,PH
PHILIPINO,,PHL,PH
PHILIPPINE,,PHL,PH
PHILIPPINE EMBASSY,,PHL,PH
PHILIPPINES,,PHL,PH
PHILIPPINES C G,,PHL,PH
PHILLIPIES,,PHL,PH
PHILLIPINE,,PHL,PH
PHILLIPINE PASSPORT,,PHL,PH
PHILLIPINES,,PHL,PH
PHILLIPPINES,,PHL,PH
PHILPINE,,PHL,PH
PHILPPIN,,PHL,PH
PI,,,
PICKERING,ON,CAN,CA
PIE,,,
PILIPIN,,PHL,PH
PILIPINAS,,PHL,PH
PILIPINAS PASSPORT,,PHL,PH
PILIPINESS,,PHL,PH
PILIPPINES,,PHL,PH
PILLIPINES,,PHL,PH
PINCH071276005,,,
PINCOURT QC,QC,CAN,CA
PLESSISVILLE,QC,CAN,CA
PM,,,
PMT,,,
PN,,,
POINTE CLAIRE QC,QC,CAN,CA
PON,,,
PORT COQUITLAM BC,BC,CAN,CA
PORTUGAL,,PRT,PT
PP,,,
PP0757716,,,
PQ,,,
PR,,CAN,CA
PRICE EDWARD ISLAND,PE,CAN,CA
PRIMATE,,,
PRINC EDWARD ISLAND,PE,CAN,CA
PRINCE ALBERT,AB,CAN,CA
PRINCE EDWARD I,PE,CAN,CA
PRINCE EDWARD ISLAND,PE,CAN,CA
PRINCEEDWARDISLAND,PE,CAN,CA
PRINCEVILLE,QC,CAN,CA
PRON,,,
PROVINCE OF ONTARIO,ON,CAN,CA
PS,,,
Q,QC,CAN,CA
QB,QC,CAN,CA
QC,QC,CAN,CA
QC 12 07 12 16 06 28,QC,CAN,CA
QC CAN,QC,CAN,CA
QC CANADA,QC,CAN,CA
QC MTL,QC,CAN,CA
QC.,QC,CAN,CA
QC+,QC,CAN,CA
QCC,QC,CAN,CA
QCQ,QC,CAN,CA
QCX,QC,CAN,CA
QN,ON,CAN,CA
QNTARIO,ON,CAN,CA
QQC,QC,CAN,CA
QU,QC,CAN,CA
QU BEC,QC,CAN,CA
QU EBEC,QC,CAN,CA
QUBEC,QC,CAN,CA
QUE,QC,CAN,CA
QUEABEC,QC,CAN,CA
QUEB,QC,CAN,CA
QUEBC,QC,CAN,CA
QUEBE,QC,CAN,CA
QUEBEC,QC,CAN,CA
QUEBEC 2018 08 05,QC,CAN,CA
QUEBEC CANADA,QC,CAN,CA
QUEBED,QC,CAN,CA
QUEEC,QC,CAN,CA
QUEENSVILLE ONTARIO,ON,CAN,CA
QUEGEC,QC,CAN,CA
R01260397775904,,,
R550706067208,,,
RABBITLAKE,SK,CAN,CA
RACINE,QC,CAN,CA
RADISSON,QC,CAN,CA
RBC,,CAN,CA
RCB,,CAN,CA
RED DEER ALBERTA,AB,CAN,CA
REGINA,SK,CAN,CA
REGINA SK,SK,CAN,CA
REPUBLIC OF THE PHIL,,PHL,PH
REXDALE,ON,CAN,CA
RHODE ISLAND,,USA,US
RIBC,,CAN,CA
RICHMOND,BC,CAN,CA
RICHMOND BC,BC,CAN,CA
RICHMOND HILL,ON,CAN,CA
RICHMOND HILL ONTARI,ON,CAN,CA
RIVIERE BEAUDETTE,QC,CAN,CA
ROMANIA,,ROM,RO
RON,,,
ROSSPORT ONT,ON,CAN,CA
S,,,
S01520170620815,,,
S03365621795524,,,
S17190638835416,,,
S83235771445411,,,
SA CANADA,,CAN,CA
SACK,,,
SADKATCHEWAN,SK,CAN,CA
SAINT EDWIDGE,QC,CAN,CA
SAINT HYACINTHE,QC,CAN,CA
SAINT LAZARE,QC,CAN,CA
SAINTE THERESE,QC,CAN,CA
SAK,,,
SAN JOSE COSTA RICA,,CRI,CR
SAS,SK,CAN,CA
SASK,SK,CAN,CA
SASKATCHAWAN,SK,CAN,CA
SASKATCHEWAN,SK,CAN,CA
SASKATCHEWANS,SK,CAN,CA
SASKATCHWAN,SK,CAN,CA
SASKATHCEWAN,SK,CAN,CA
SASKATHCHEWAN,SK,CAN,CA
SASKATOON,SK,CAN,CA
SASKATOON SK,SK,CAN,CA
SASKTCHEWAN,SK,CAN,CA
SAUDI ARABIA,,SAU,SA
SB,,,
SCARB ON,ON,CAN,CA
SCARBOROUGH,ON,CAN,CA
SCARBOROUGH ON,ON,CAN,CA
SCARBOROUGH ONT,ON,CAN,CA
SCARBOROUGH ONTARIO,ON,CAN,CA
SD,,,
SENEGAL,,SEN,SN
SERVUS CREDIT UNION,,CAN,CA
SESSION ID,,,
SESSIONID : 1001326,,,
SESSIONID : 7814193,,,
SESSIONID : 8919508,,,
SESSIONID : 9327532,,,
SESSIONID : 9696510,,,
SESSIONID : 9990934,,,
SGI,,,
SHAWINIGAN,QC,CAN,CA
SHEBROOKE,QC,CAN,CA
SHELL LAKE,SK,CAN,CA
SHERBROOKE,QC,CAN,CA
SHERBROOKE QC,QC,CAN,CA
SI,,,
SIMEJ234JT,,,
SJ,,,
SK,SK,CAN,CA
SK-DUNDURN,SK,CAN,CA
SL,,,
SM,,CAN,CA
SMITHS FALLS,ON,CAN,CA
SN,,,
SOREL TRACY,QC,CAN,CA
SOUTH AFRICA,,ZAF,ZA
SPRUCE GROVE AB,AB,CAN,CA
ST ALEXIS DES MONTS,QC,CAN,CA
ST BEATRIX,QC,CAN,CA
ST BONIFACE,MB,CAN,CA
ST BRUNO,QC,CAN,CA
ST CELESTIN,QC,CAN,CA
ST DENIS,QC,CAN,CA
ST DENIS DE BROMPTON,QC,CAN,CA
ST ETIENNE DES GRES,QC,CAN,CA
ST GUILLAUME,QC,CAN,CA
ST HUBERT,QC,CAN,CA
ST HYACINTHE,QC,CAN,CA
ST JEROME,QC,CAN,CA
ST JOHNS,NL,CAN,CA
ST JOHNS NL,NL,CAN,CA
ST LAURENT,QC,CAN,CA
ST LAURENT QC,QC,CAN,CA
ST LEONLEGRAND,QC,CAN,CA
ST LOUIS,SK,CAN,CA
ST VALERE,QC,CAN,CA
STAR CITY,SK,CAN,CA
STATE FARM,,CAN,CA
STE BRIGIDE,QC,CAN,CA
STE ELIE DE CAXTON,QC,CAN,CA
STITTSVILLE,ON,CAN,CA
STOKE,QC,CAN,CA
STOKE QC,QC,CAN,CA
SUCCESSFUL,,CAN,CA
SUDBURY,ON,CAN,CA
SUDBURY ONTARIO,ON,CAN,CA
SURREY,BC,CAN,CA
SURREY BC,BC,CAN,CA
SWANVALLEYCREDITUNIO,,CAN,CA
SWIFT CURILENT,,,
T64555470800224,,,
TAIWAI,,TWN,TW
TAIWAN,,TWN,TW
TANWAN,,TWN,TW
TARIO,,,
TB,,,
TBB,,,
TD,,CAN,CA
TERRE-NEUVE-ET-LABRA,NL,CAN,CA
TEST,,,
TEXAS,,USA,US
THAILAND,,THA,TH
THONSONS,MB,CAN,CA
THORNHILL,ON,CAN,CA
THPRNHILL,ON,CAN,CA
THUNDER BAY,ON,CAN,CA
THUNDER BAY ON,ON,CAN,CA
THUNDER BAY ONT,ON,CAN,CA
THUNDER BAY ONTARIO,ON,CAN,CA
THUNDERBAY ON,ON,CAN,CA
TINY TWP ONT,ON,CAN,CA
TO,,,
TOLEDO,ON,CAN,CA
TOR,ON,CAN,CA
TOR ONT,ON,CAN,CA
TORONT ON,ON,CAN,CA
TORONTO,ON,CAN,CA
TORONTO CANADA,ON,CAN,CA
TORONTO C G OFF PHIL,ON,CAN,CA
TORONTO CAN,ON,CAN,CA
TORONTO CANADA,ON,CAN,CA
TORONTO ON,ON,CAN,CA
TORONTO ONB CANADA,ON,CAN,CA
TORONTO ONT,ON,CAN,CA
TORONTO ONTARIO,ON,CAN,CA
"TORONTO, ONTARIO",ON,CAN,CA
TOTTENHAM ON,ON,CAN,CA
TOTTENHAM ONT,ON,CAN,CA
TROIS RIVES,QC,CAN,CA
TROIS RIVIERES,QC,CAN,CA
TROIS RIVIERES QC,QC,CAN,CA
TROIS-RIVIERES,QC,CAN,CA
TT0012360,,,
TU,,CAN,CA
TU PASSED,,CAN,CA
TU SUCCESSFUL,,CAN,CA
TU VALIDATION PASS,,CAN,CA
TU VALIDATION PASSED,,CAN,CA
TUGUEGARAO CAGAYAN,,PHL,PH
TUNIS,,TUN,TN
TUNISIE,,TUN,TN
U,,,
UBC,,,
UDM,,,
UK,,GBR,GB
UNITED KINGDOM,,GBR,GB
UNITED NATIONS,,USA,US
US,,USA,US
USA,,USA,US
USA ALABAMA,,USA,US
UXBRIDGE ON,ON,CAN,CA
VAL DES MONTS,QC,CAN,CA
VAL DES TEONTS,QC,CAN,CA
VANACOUVER,BC,CAN,CA
VANC BC,BC,CAN,CA
VANCOURVER,BC,CAN,CA
VANCOUVER,BC,CAN,CA
VANCOUVER BC,BC,CAN,CA
VANCOUVERE,BC,CAN,CA
VAUGHAN,ON,CAN,CA
VERDUN,QC,CAN,CA
VICT,BC,CAN,CA
VICT BC,BC,CAN,CA
VICTORIA,BC,CAN,CA
VICTORIA AUSTRALIA,,AUS,AU
VICTORIA BC,BC,CAN,CA
VICTORIAVILLE,QC,CAN,CA
VICTORIAVILLE P2,QC,CAN,CA
VIETNAM,,VNM,VN
VILNA,AB,CAN,CA
VITORIAIVILLE,QC,CAN,CA
VJ048594,,,
W64724474620114,,,
WALDHEIM,SK,CAN,CA
WARMAN,SK,CAN,CA
WASHINGTON USA,,USA,US
WB691074,,,
WC,,,
WELLAND ON,ON,CAN,CA
WESTMOUNT,QC,CAN,CA
WG817820,,,
WHITBY,ON,CAN,CA
WHITY,ON,CAN,CA
WILLOWBROOK,SK,CAN,CA
WILLOWDALE ON,ON,CAN,CA
WINDSOR ON,ON,CAN,CA
WINNIPEG,MB,CAN,CA
WINNIPEG MANITOBA,MB,CAN,CA
WINNIPEG MB,MB,CAN,CA
WISCONSIN,,USA,US
WJ604509,,,
WOODBRIDGE ONTARIO,ON,CAN,CA
WT232973,,,
Y,,,
YAMACHISME,QC,CAN,CA
YK,,CAN,CA
YORK,ON,CAN,CA
YT,YT,CAN,CA
YU,YT,CAN,CA
YUKON,YT,CAN,CA
YUKON TERRITORY,YT,CAN,CA
YUUON,YT,CAN,CA
United States,,USA,US
Grenade,,GRD,GD
Maroc,,MAR,MA
Lebanon,,LBN,LB
Syria,,SYR,SY
Haiti,,HTI,HT
Syrie,,SYR,SY
Indonesia,,IDN,ID
Brazil,,BRA,BR
Dominican Republic,,DOM,DO
Malaysia,,MYS,MY
Libya,,LBY,LY
Kyrgyzstan,,KGZ,KG
Morocco,,MAR,MA
South Korea,,KOR,KR
Reunion,,,
Oman,,OMN,OM
Nepal,,NPL,NP
Croatia,,HRV,HR
Guyana,,GUY,GY
Argentina,,ARG,AR
Liban,,LBN,LB
Fiji,,FJI,FJ
St Vincent & Grenadines,,VCT,VC
Egypt,,EGY,EG
Singapore,,SGP,SG
Russian Federation,,RUS,RU
Trinidad and Tobago,,TTO,TT
Algeria,,DZA,DZ
Netherlands,,NLD,NL
Venezuela,,VEN,VE
Iraq,,IRQ,IQ
Dominica,,DMA,DM
Suriname,,SUR,SR
Other Country,,,
Saint Lucia,,LCA,LC
Peru,,PER,PE
Trinidad & Tobago,,TTO,TT
Ghana,,GHA,GH
Honduras,,HND,HN
Latvia,,LVA,LV
Cuba,,CUB,CU
Danemark,,DNK,DK
Aland islands,,AXL,AX
Mali,,MLI,ML
Yemen,,YEM,YE
Saba,,BQA,BQ
Great Britain,,GBR,GB
Saint Kitts & Nevis,,KNA,KN
United Kingdom (Great Britain),,GBR,GB
Slovakia,,SKK,SK
El Salvador,,SLV,SV
Monaco,,MCO,MC
Afghanistan,,AFG,AF
Ukraine,,UKR,UA
Belarus,,BLR,BY
S Georgia/Sandwich Islnds,,SGS,GS
Cayman Islands,,CYM,KY
Maurice,,MUS,MU
Namibia,,NAM,NA
Viet nam,,VNM,VN
American Samoa,,ASM,AS
East Timor,,TLS,TP
Chine,,CHN,CN
Sweden,,SWE,SE
Zambia,,ZMB,ZM
Andorra,,AND,AD
Korea,,KOR,KR
Jordan,,JOR,JO
Kenya,,KEN,KE
Mauritius,,MUS,MU
Inde,,,
Sri Lanka,,LKA,LK
Switzerland,,CHE,CH
Cameroun,,CMR,CM
St-Vincent-et-Grenadines,,VCT,VC
Kazakhstan,,KAZ,KZ
Great Britian,,GBR,GB
Serbia,,SRB,RS
United Arab Emirates,,ARE,AE
Palestine,,PSE,PS
Turkey,,TUR,TR